{"cameraMode":{"drawMode":0,"name":"Shaded","section":"Shading Mode"},"sceneLighting":true,"audioPlay":false,"sceneViewState":{"showFog":true,"showMaterialUpdate":false,"showSkybox":true,"showFlares":true,"showImageEffects":true,"showParticleSystems":true},"in2DMode":false,"pivot":{"x":24.847644805908204,"y":98.03408813476563,"z":-154.58892822265626},"rotation":{"x":0.40561211109161379,"y":0.031531982123851779,"z":-0.013987013138830662,"w":0.9134307503700256},"size":858.0643310546875,"orthographic":false}